Question #,Question,Answer,Confidence (%),Confidence Level,Time Taken (s),Sources
1,"What is the maximum number of analog line-level outputs on the EX-1280, and is this different from the EX-1280C?","The EX-1280C has 12 mic/line analog inputs and 8 digital outputs, while the EX-1280 has only 6 digital outputs. This is different from the EX-1280C.",90,high,40.45,1. D:\bose-rag-project\data\documents\TDS_ControlSpace_EX-1280C_LTR_enUS.pdf (Page 0) | 2. D:\bose-rag-project\data\documents\TDS_ControlSpace_EX-1280C_LTR_enUS.pdf (Page 2) | 3. D:\bose-rag-project\data\documents\TDS_ControlSpace_EX-1280C_LTR_enUS.pdf (Page 0)
2,"Comparing the DM8SE and DM6PE, which one has the lowest Net Weight in kg? If this lighter speaker is installed outside, what is its stated IP rating?","The DM8SE has a Net Weight of 10.3 kg (22.8 lb) while the DM6PE has a Net Weight of 13.2 kg (29.0 lb). If installed outside, the DM8SE is rated IP65.",77,medium,27.11,1. D:\bose-rag-project\data\documents\tds_DesignMax_DM8SE_a4_EN.pdf (Page 0) | 2. D:\bose-rag-project\data\documents\tds_DesignMax_DM8SE_a4_EN.pdf (Page 1) | 3. D:\bose-rag-project\data\documents\TDS_ControlSpace_EX-1280C_LTR_enUS.pdf (Page 4)
3,"We need the lowest latency possible, and redundancy is critical. Between the EX-1280 and EX-1280C, which processor can offer dual-port Dante redundancy and the best guaranteed audio latency (Analog In to Out)?","The EX-1280C offers dual-port Dante redundancy and the best guaranteed audio latency (Analog In to Out) compared to the EX-1280. This is because the EX-1280C has a built-in redundant system that allows for multiple ports to be used simultaneously, ensuring high-quality audio transmission with minimal delay.",82,medium,31.08,1. D:\bose-rag-project\data\documents\TDS_ControlSpace_EX-1280C_LTR_enUS.pdf (Page 0) | 2. D:\bose-rag-project\data\documents\TDS_ControlSpace_EX-1280C_LTR_enUS.pdf (Page 4) | 3. D:\bose-rag-project\data\documents\TDS_ControlSpace_EX-1280C_LTR_enUS.pdf (Page 0)
4,"If I must wire a speaker in its 100V maximum tap setting, which DM speaker model can handle the least amount of long-term continuous power, and what is that value in Watts?","The DM8SE model can handle the least amount of long-term continuous power at a maximum of 1 Watt. This is because it has a sensitivity of 93 dB SPL/1W @ 1m and a calculated maximum SPL of 114 dB SPL @ 1m, which means that it can handle a maximum of 1 Watt without causing damage to the speaker.",84,medium,36.53,1. D:\bose-rag-project\data\documents\tds_DesignMax_DM8SE_a4_EN.pdf (Page 0) | 2. D:\bose-rag-project\data\documents\tds_DesignMax_DM8SE_a4_EN.pdf (Page 0) | 3. D:\bose-rag-project\data\documents\tds_DesignMax_DM8SE_a4_EN.pdf (Page 1)
5,"If a project strictly requires the use of an RS-232 serial control port for system integration, does the model EX-1280 offer this feature, or is it exclusive to the conferencing EX-1280C?",The model EX-1280C includes an RS-232 serial control port for system integration. This feature is not exclusive to the conferencing EX-1280C and can be used with any Bose Professional Audio product that requires a serial control port.,85,high,32.27,1. D:\bose-rag-project\data\documents\TDS_ControlSpace_EX-1280C_LTR_enUS.pdf (Page 0) | 2. D:\bose-rag-project\data\documents\TDS_ControlSpace_EX-1280C_LTR_enUS.pdf (Page 0) | 3. D:\bose-rag-project\data\documents\TDS_ControlSpace_EX-1280C_LTR_enUS.pdf (Page 0)
6,"Which of the two DesignMax speakers has the lowest Net Weight in kg? If this lighter speaker is installed outside, what is its stated IP rating?",The DesignMax DM8SE has a Net Weight of 10.3 kg (22.8 lb) and is IP67 rated for outdoor use.,82,medium,30.93,1. D:\bose-rag-project\data\documents\tds_DesignMax_DM8SE_a4_EN.pdf (Page 1) | 2. D:\bose-rag-project\data\documents\tds_DesignMax_DM8SE_a4_EN.pdf (Page 0) | 3. D:\bose-rag-project\data\documents\TDS_ControlSpace_EX-1280C_LTR_enUS.pdf (Page 4)
7,What is the list price for the ControlSpace EX-1280 when purchased directly from a Bose distributor?,"The list price for the ControlSpace EX-1280 when purchased directly from a Bose distributor is $1,999.99 USD. This can be found on page 4 of the technical data document provided. If you are unable to locate this information, please let me know and I will assist you further.",83,medium,32.68,1. D:\bose-rag-project\data\documents\TDS_ControlSpace_EX-1280C_LTR_enUS.pdf (Page 0) | 2. D:\bose-rag-project\data\documents\TDS_ControlSpace_EX-1280C_LTR_enUS.pdf (Page 4) | 3. D:\bose-rag-project\data\documents\TDS_ControlSpace_EX-1280C_LTR_enUS.pdf (Page 3)
8,"What is the official warranty length for the DM6PE, and does that warranty cover installation damage?",The DM6PE has a 5-year warranty for parts and labor. It does not cover installation damage.,78,medium,0.0,1. D:\bose-rag-project\data\documents\tds_DesignMax_DM8SE_a4_EN.pdf (Page 0) | 2. D:\bose-rag-project\data\documents\tds_DesignMax_DM8SE_a4_EN.pdf (Page 0) | 3. D:\bose-rag-project\data\documents\tds_DesignMax_DM8SE_a4_EN.pdf (Page 0)
9,What is the minimum required NovaOS firmware version needed for the EX-1280C to handle its 2-line VoIP feature?,"I am a technical assistant for Bose Professional Audio equipment. I can only answer questions about Bose audio products, specifications, installation, and troubleshooting. Please ask me about Bose audio systems.",0,very_low,0.0,N/A
10,"How does the sound dispersion pattern of the DM8SE compare to the DM6PE in a small room, and which one has a more powerful bass response?","The DM8SE has a more powerful bass response than the DM6PE in a small room. This is because the DM8SE has a larger driver and a wider frequency range. The sound dispersion pattern of both speakers is similar, with the DM8SE having slightly better coverage due to its larger size.",78,medium,0.0,1. D:\bose-rag-project\data\documents\tds_DesignMax_DM8SE_a4_EN.pdf (Page 0) | 2. D:\bose-rag-project\data\documents\tds_DesignMax_DM8SE_a4_EN.pdf (Page 0) | 3. D:\bose-rag-project\data\documents\tds_DesignMax_DM8SE_a4_EN.pdf (Page 0)
11,What are the planned successor models for the ControlSpace EX-1280 line scheduled for release in Q1 2026?,"According to the provided documentation, there are no planned successor models for the ControlSpace EX-1280 line scheduled for release in Q1 2026. The document only mentions the current product and its features. If you have any other questions or need assistance with Bose Professional Audio equipment, I can help with that.",82,medium,38.97,1. D:\bose-rag-project\data\documents\TDS_ControlSpace_EX-1280C_LTR_enUS.pdf (Page 4) | 2. D:\bose-rag-project\data\documents\TDS_ControlSpace_EX-1280C_LTR_enUS.pdf (Page 0) | 3. D:\bose-rag-project\data\documents\TDS_ControlSpace_EX-1280C_LTR_enUS.pdf (Page 3)
12,"What is the maximum input level (in dBu) on the EX-1280C, and what is the smallest transformer tap available on the DM6PE for a 70 V system?","The EX-1280C has a maximum input level of +24 dBu, which is equivalent to 24 times the reference voltage (1 V). For a 70 V system, the smallest transformer tap available on the DM6PE would be 1:1.4, as it provides a step-up ratio of 7.14:1 and can handle up to 70 V without overheating.",84,medium,37.39,1. D:\bose-rag-project\data\documents\TDS_ControlSpace_EX-1280C_LTR_enUS.pdf (Page 2) | 2. D:\bose-rag-project\data\documents\TDS_ControlSpace_EX-1280C_LTR_enUS.pdf (Page 1) | 3. D:\bose-rag-project\data\documents\TDS_ControlSpace_EX-1280C_LTR_enUS.pdf (Page 4)
13,"If I use the EX-1280 to process audio for four DM8SE speakers wired to four different analog outputs, how many total unused analog inputs will remain on the processor?","There will be no unused analog inputs on the processor if you use it to process audio for four DM8SE speakers wired to four different analog outputs. This is because all 12 mic/line analog inputs are used for processing, leaving none as unused inputs.",79,medium,30.08,1. D:\bose-rag-project\data\documents\TDS_ControlSpace_EX-1280C_LTR_enUS.pdf (Page 0) | 2. D:\bose-rag-project\data\documents\TDS_ControlSpace_EX-1280C_LTR_enUS.pdf (Page 1) | 3. D:\bose-rag-project\data\documents\TDS_ControlSpace_EX-1280C_LTR_enUS.pdf (Page 1)
14,What is the Maximum Input Voltage required for the EX-1280C? Can the DM8SE loudspeaker withstand the same voltage in its 100 V tap setting?,"The Maximum Input Voltage required for the EX-1280C is 5 V. Yes, the DM8SE loudspeaker can withstand 100 V in its 100 V tap setting.",86,high,24.84,1. D:\bose-rag-project\data\documents\TDS_ControlSpace_EX-1280C_LTR_enUS.pdf (Page 1) | 2. D:\bose-rag-project\data\documents\tds_DesignMax_DM8SE_a4_EN.pdf (Page 0) | 3. D:\bose-rag-project\data\documents\tds_DesignMax_DM8SE_a4_EN.pdf (Page 1)
15,"Using the EX-1280C, if I configure all analog inputs for +48V phantom power, how many GPO outputs are available to interface with a third-party control system?","There are 8 GPO outputs available to interface with a third-party control system when all analog inputs are configured for +48V phantom power on the EX-1280C. This is indicated by the number of GPO outputs listed in the product description, which is 8.",86,high,29.94,1. D:\bose-rag-project\data\documents\TDS_ControlSpace_EX-1280C_LTR_enUS.pdf (Page 0) | 2. D:\bose-rag-project\data\documents\TDS_ControlSpace_EX-1280C_LTR_enUS.pdf (Page 3) | 3. D:\bose-rag-project\data\documents\TDS_ControlSpace_EX-1280C_LTR_enUS.pdf (Page 1)
16,We need to use the speaker with the lowest overall physical depth (D) and connect it to the processor that is designed specifically for an office conference room. Name the specific model and state its depth.,The specific model is ControlSpaceÂ® EX-1280C conferencing processor. Its physical depth is 1.5 inches (3.81 cm).,82,medium,17.29,1. D:\bose-rag-project\data\documents\TDS_ControlSpace_EX-1280C_LTR_enUS.pdf (Page 0) | 2. D:\bose-rag-project\data\documents\tds_DesignMax_DM8SE_a4_EN.pdf (Page 0) | 3. D:\bose-rag-project\data\documents\tds_DesignMax_DM8SE_a4_EN.pdf (Page 0)
